STAT,JJJJMMDD,QN,TG,TN,TM,TX,RFM,FM,FX,SO,NM,RR,PM
10361,20200820,1,13.8,17.1,23.6,30.7,63.4,2.0,8.5,7.4,6.8,0.0,1000.2
10361,20200819,1,11.5,13.5,20.6,27.3,66.8,1.0,5.2,12.4,2.1,0.0,1000.7
10361,20200818,1,13.3,15.2,20.3,25.7,80.4,1.0,9.7,5.3,7.1,1.4,1000.2
10361,20200817,1,13.2,15.7,21.9,29.1,67.6,2.0,11.3,6.8,4.6,0.5,999.7
10361,20200816,1,14.2,16.3,23.6,30.7,59.9,2.0,8.7,12.8,0.6,0.0,1003.2
10361,20200815,1,15.9,17.4,23.1,29.6,72.9,2.0,14.7,8.1,4.9,32.4,1004.3
10361,20200814,1,15.5,17.7,23.1,28.3,73.2,1.0,6.1,4.4,7.6,0.0,1002.8
10361,20200813,1,16.9,19.6,23.1,26.0,62.5,1.0,4.9,0.0,8.0,0.0,1004.4
10361,20200812,1,14.6,17.7,26.5,32.7,40.9,2.0,9.2,13.5,0.9,0.0,1007.7
10361,20200811,1,16.9,18.7,26.4,33.2,52.0,2.0,8.9,12.4,1.0,0.0,1008.6
10361,20200810,1,17.7,20.2,24.7,30.3,66.0,2.0,6.2,4.6,6.5,0.0,1007.5
10361,20200809,1,16.0,18.6,27.3,35.6,56.0,2.0,13.7,10.8,4.8,11.0,1007.4
10361,20200808,1,15.6,18.1,27.1,35.4,54.2,1.0,5.3,13.7,0.4,0.0,1009.4
10361,20200807,1,12.4,14.8,24.7,32.6,56.9,1.0,6.7,13.1,0.2,0.0,1011.3
10361,20200806,1,9.8,13.2,23.0,30.9,47.5,2.0,7.0,14.2,0.0,0.0,1010.9
10361,20200805,1,7.2,10.1,20.3,28.3,53.2,2.0,6.2,14.1,2.8,0.0,1008.0
10361,20200804,1,8.8,11.2,17.4,23.8,65.0,2.0,7.5,8.8,4.6,0.0,1005.0
10361,20200803,1,10.3,13.2,17.9,23.1,66.3,2.0,7.2,7.7,6.6,0.0,1002.6
10361,20200802,1,14.5,16.2,18.9,20.7,88.5,2.0,6.8,0.4,7.7,11.6,1003.0
10361,20200801,1,10.4,14.2,23.6,33.2,54.5,2.0,8.2,10.4,4.5,0.0,1004.9
10361,20200731,1,8.7,11.6,21.1,28.1,54.3,1.0,5.9,14.4,1.8,0.0,1008.9
10361,20200730,1,6.6,9.9,17.6,25.0,56.1,2.0,6.8,13.4,3.5,0.0,1010.7
10361,20200729,1,8.4,11.8,18.1,23.7,56.2,2.0,11.9,10.9,3.5,0.0,1008.0
10361,20200728,1,10.5,13.9,21.5,27.7,57.7,2.0,12.4,8.7,5.0,0.0,1000.1
10361,20200727,1,10.9,13.4,19.9,26.1,66.9,2.0,9.1,5.3,6.2,0.7,1005.1
10361,20200726,1,12.3,15.0,19.6,25.4,74.3,2.0,8.6,4.2,6.2,12.4,1001.1
10361,20200725,1,11.7,14.4,21.2,27.4,62.6,2.0,7.8,5.4,6.6,1.9,1002.0
10361,20200724,1,9.2,12.3,20.3,27.8,56.2,2.0,11.7,7.0,4.7,0.0,1000.8
10361,20200723,1,10.5,13.5,18.6,24.5,54.1,1.0,9.5,10.5,4.1,0.0,1006.9
10361,20200722,1,6.1,9.0,16.9,22.6,58.5,2.0,8.2,7.7,4.3,0.1,1011.8
10361,20200721,1,8.2,11.1,17.2,23.3,56.0,2.0,8.9,13.1,2.3,0.0,1011.9
10361,20200720,1,8.1,11.9,18.3,23.0,72.6,2.0,12.8,5.2,5.4,1.6,1007.0
10361,20200719,1,10.5,13.4,22.5,29.5,56.6,1.0,8.0,9.5,5.5,0.0,1005.7
10361,20200718,1,10.5,13.1,20.2,26.4,63.7,1.0,4.3,10.6,3.4,0.0,1009.4
10361,20200717,1,9.5,11.9,18.5,23.0,60.4,2.0,8.1,5.9,6.5,0.0,1009.4
10361,20200716,1,11.0,12.4,16.8,21.7,70.9,1.0,6.3,3.4,7.1,0.1,1006.0
10361,20200715,1,12.4,13.8,15.2,18.1,90.5,1.0,3.6,0.8,7.5,18.1,1003.2
10361,20200714,1,7.0,10.9,20.7,29.0,52.1,2.0,9.9,8.8,6.4,6.4,1004.1
10361,20200713,1,4.7,8.2,18.1,25.9,54.8,1.0,5.7,14.7,0.8,0.0,1012.8
10361,20200712,1,4.4,8.5,15.7,22.1,62.2,2.0,7.6,10.1,2.5,0.0,1016.8
10361,20200711,1,4.6,8.7,15.1,21.3,66.7,2.0,9.8,8.3,3.3,0.0,1012.6
10361,20200710,1,9.8,11.8,17.9,25.0,78.8,2.0,14.4,3.9,7.5,0.1,1001.0
10361,20200709,1,12.1,13.3,17.8,23.3,80.6,2.0,13.2,0.2,8.0,2.9,1003.0
10361,20200708,1,11.4,12.1,14.5,18.4,81.3,1.0,5.6,0.2,7.8,0.8,1005.9
10361,20200707,1,8.0,10.3,15.4,21.3,65.4,2.0,11.3,8.0,5.1,0.4,1008.3
10361,20200706,1,9.7,11.7,16.2,20.8,66.4,3.0,13.4,8.9,4.1,0.4,1002.6
10361,20200705,1,15.6,18.1,22.1,27.7,68.8,3.0,13.1,2.1,6.8,1.1,1000.0
10361,20200704,1,10.2,13.4,20.4,25.8,58.1,3.0,12.0,4.1,6.2,0.0,1004.6
10361,20200703,1,11.0,13.8,18.6,23.9,64.4,2.0,12.1,10.9,3.5,0.0,1005.6
10361,20200702,1,11.6,14.7,19.5,25.6,70.2,2.0,8.8,5.4,6.7,0.2,1000.2
10361,20200701,1,12.1,15.5,19.4,25.6,74.3,2.0,15.2,1.8,7.8,1.9,997.3
10361,20200630,1,8.0,12.2,18.6,23.8,51.1,3.0,11.8,7.7,6.0,0.0,998.9
10361,20200629,1,8.3,12.4,18.0,23.3,64.9,2.0,11.6,8.5,6.2,0.4,1001.5
10361,20200628,1,11.2,14.8,21.3,27.0,65.3,2.0,9.8,3.3,6.9,0.0,1002.5
10361,20200627,1,12.4,15.4,23.9,31.2,62.4,2.0,10.5,11.1,2.2,0.6,1000.0
10361,20200626,1,10.6,13.5,23.2,29.1,60.0,2.0,8.4,14.4,1.5,0.0,1004.8
10361,20200625,1,13.0,15.9,21.9,28.3,62.3,2.0,8.8,7.0,4.4,0.0,1010.7
10361,20200624,1,7.4,11.0,19.7,25.4,61.0,2.0,8.4,10.7,2.3,0.0,1014.6
10361,20200623,1,8.3,11.7,19.3,25.7,54.6,2.0,8.4,15.1,0.3,0.0,1015.1
10361,20200622,1,10.1,13.0,19.5,25.5,61.0,2.0,8.4,11.5,2.2,0.0,1012.1
10361,20200621,1,10.8,14.2,19.6,25.1,58.7,2.0,8.1,9.9,4.6,0.0,1009.4
10361,20200620,1,14.3,15.4,19.5,23.8,62.8,2.0,10.9,5.7,7.6,0.0,1008.0
10361,20200619,1,14.9,15.7,18.7,23.4,78.0,2.0,9.2,3.2,8.0,0.1,1003.6
10361,20200618,1,14.4,15.7,19.4,22.2,75.6,2.0,9.2,0.4,7.7,2.8,1000.4
10361,20200617,1,12.3,14.5,22.2,28.3,60.9,2.0,7.6,10.2,5.5,0.0,1001.2
10361,20200616,1,11.1,13.7,19.6,25.6,79.4,2.0,8.0,7.3,5.3,0.0,1004.4
10361,20200615,1,12.2,14.2,20.7,26.8,63.5,2.0,6.2,12.6,3.6,0.0,1004.2
10361,20200614,1,17.0,17.7,19.8,22.2,87.8,2.0,7.8,0.0,7.8,0.0,1002.1
10361,20200613,1,17.3,18.0,22.2,30.4,78.3,2.0,14.6,8.7,5.2,45.6,1000.5
10361,20200612,1,15.1,15.2,20.5,28.2,75.0,2.0,9.1,6.0,4.8,0.0,1000.7
10361,20200611,1,11.1,12.4,16.0,20.2,83.7,2.0,5.0,0.2,7.3,0.3,1001.3
10361,20200610,1,11.8,13.4,17.7,22.2,54.6,2.0,10.8,5.6,7.8,0.3,1004.2
10361,20200609,1,5.0,9.1,16.8,22.6,61.8,2.0,6.4,4.4,7.3,0.1,1006.1
10361,20200608,3,4.1,8.6,15.8,21.6,60.0,1.0,6.2,6.7,5.2,0.0,1003.5
10361,20200607,3,4.1,7.9,14.8,20.4,62.7,2.0,9.1,4.7,5.8,0.0,997.2
10361,20200606,3,2.1,6.1,13.1,18.7,64.4,3.0,13.4,9.9,2.9,0.6,991.4
10361,20200605,3,6.6,8.9,13.0,18.5,71.5,3.0,12.7,3.9,6.8,1.7,985.0
10361,20200604,3,11.3,12.7,16.3,21.2,79.7,2.0,7.9,1.1,7.7,2.6,985.1
10361,20200603,3,8.0,11.4,19.2,27.7,57.3,2.0,9.0,8.5,7.1,0.3,995.3
10361,20200602,3,5.3,8.9,19.3,27.0,48.2,1.0,4.9,14.8,1.5,0.0,1007.3
10361,20200601,3,2.5,6.3,17.3,25.5,49.8,2.0,8.6,15.3,0.0,0.0,1013.1
10361,20200531,3,2.3,6.5,15.2,22.8,55.4,2.0,10.3,9.2,5.0,0.0,1012.6
10361,20200530,3,3.1,7.7,14.5,19.7,49.8,2.0,11.2,6.1,5.5,0.0,1014.6
10361,20200529,3,1.3,5.6,14.7,21.5,53.3,2.0,7.6,10.5,3.5,0.0,1018.3
10361,20200528,3,3.6,8.8,15.1,20.3,56.9,2.0,10.3,11.6,3.2,0.0,1020.4
10361,20200527,3,4.7,8.3,17.1,23.4,59.1,2.0,7.8,10.1,5.0,0.9,1021.7
10361,20200526,3,4.2,7.4,14.4,21.0,68.6,2.0,6.3,8.4,4.8,0.0,1024.3
10361,20200525,3,9.6,10.9,12.8,16.8,73.8,2.0,9.4,0.9,7.3,0.2,1019.3
10361,20200524,3,4.7,8.2,13.0,18.5,71.5,3.0,14.9,4.5,5.1,3.8,1014.6
10361,20200523,3,4.4,8.2,15.1,19.1,73.5,2.0,12.0,0.7,6.9,0.0,1010.3
10361,20200522,3,6.2,10.5,17.0,22.7,62.2,2.0,8.6,0.3,7.4,7.0,1009.6
10361,20200521,3,3.1,6.4,16.0,22.7,47.5,2.0,7.4,14.8,2.7,0.0,1013.1
10361,20200520,3,5.5,10.2,16.3,21.9,51.7,2.0,7.7,4.5,6.6,0.0,1012.2
10361,20200519,3,6.8,10.1,15.7,21.0,66.6,2.0,9.2,4.5,6.6,0.0,1010.4
10361,20200518,3,5.8,9.5,16.5,23.3,52.5,2.0,10.5,10.8,6.5,0.0,1011.0
10361,20200517,3,7.0,9.0,13.6,18.8,53.5,2.0,8.6,12.3,4.1,0.0,1011.6
10361,20200516,3,0.7,5.2,11.8,17.0,55.9,2.0,9.0,7.3,5.1,0.0,1011.0
10361,20200515,3,-3.0,0.8,9.6,16.3,56.7,2.0,9.4,8.2,3.6,0.0,1009.5
10361,20200514,3,-1.4,2.7,9.2,14.2,63.6,2.0,7.1,3.7,6.1,0.2,1007.5
10361,20200513,3,3.6,5.7,9.8,14.5,57.1,2.0,6.1,3.8,7.0,0.0,1002.5
10361,20200512,3,-2.4,0.9,6.6,12.2,65.1,2.0,10.3,6.4,4.1,0.3,1006.1
10361,20200511,3,-3.0,0.5,6.6,11.8,75.3,2.0,10.5,1.0,6.2,8.2,999.1
10361,20200510,3,4.2,7.6,15.9,23.5,64.8,2.0,10.6,5.7,6.2,0.8,995.9
10361,20200509,3,2.2,6.3,16.2,23.8,45.9,2.0,8.8,13.8,4.1,0.0,1004.3
10361,20200508,3,1.8,6.0,14.9,21.9,50.0,2.0,7.7,12.7,6.9,0.0,1007.9
10361,20200507,3,0.2,4.3,11.3,18.9,64.9,2.0,9.1,9.4,4.4,0.0,1012.6
10361,20200506,3,-2.8,1.4,10.3,17.6,53.4,2.0,8.6,14.1,0.8,0.0,1013.1
10361,20200505,3,-1.9,2.4,8.1,14.1,64.8,2.0,11.0,10.8,3.5,0.0,1009.9
10361,20200504,3,2.2,6.2,9.3,13.2,80.9,2.0,8.2,2.8,5.8,3.1,1007.3
10361,20200503,3,2.8,6.2,10.7,15.2,74.4,2.0,9.3,3.5,6.5,0.6,1006.2
10361,20200502,3,4.7,6.8,9.7,14.2,77.1,2.0,10.5,2.1,6.6,3.6,996.2
10361,20200501,3,4.8,8.0,11.7,16.9,68.0,3.0,11.2,4.8,5.1,0.1,991.3
10361,20200430,3,4.9,7.9,13.2,18.5,71.9,2.0,10.6,2.5,7.2,1.3,992.9
10361,20200429,3,5.3,8.8,13.3,18.8,79.0,2.0,14.0,3.4,6.8,5.7,994.8
10361,20200428,3,2.7,7.7,15.8,22.3,54.6,1.0,6.0,6.1,4.9,0.4,993.9
10361,20200427,3,-0.8,3.1,13.8,22.7,54.2,1.0,5.9,12.9,1.4,0.0,997.7
10361,20200426,3,-1.6,2.6,11.2,18.5,58.4,1.0,6.6,12.0,1.4,0.0,1000.9
10361,20200425,3,1.5,6.4,11.0,15.4,59.3,2.0,9.7,2.1,6.7,0.0,1001.0
10361,20200424,3,2.9,6.6,13.6,22.0,52.0,2.0,11.3,9.2,3.6,0.0,999.7
10361,20200423,3,-0.4,3.3,13.4,21.6,49.6,2.0,9.5,13.3,1.8,0.0,1011.3
10361,20200422,3,4.3,6.7,13.9,20.1,41.7,2.0,11.0,13.4,0.0,0.0,1014.4
10361,20200421,3,3.4,5.8,12.2,18.1,43.2,3.0,11.9,13.3,0.0,0.0,1014.2
10361,20200420,3,1.2,4.1,10.7,16.6,42.0,3.0,12.4,13.3,0.0,0.0,1014.6
10361,20200419,3,-1.1,2.7,10.0,15.7,37.8,2.0,9.3,13.0,1.5,0.0,1011.3
10361,20200418,3,-0.1,3.2,12.4,19.7,43.0,2.0,8.4,13.1,2.2,0.0,1007.3
10361,20200417,3,-0.7,3.4,11.1,18.3,59.3,2.0,5.5,13.0,1.4,0.0,1007.6
10361,20200416,3,-1.2,3.0,12.3,20.1,50.8,2.0,5.4,12.9,3.6,0.0,1007.0
10361,20200415,3,0.1,2.9,8.9,16.5,55.2,2.0,9.0,10.5,5.3,0.0,1012.5
10361,20200414,3,-2.2,0.3,5.8,11.9,55.2,2.0,9.5,10.8,2.6,0.0,1012.7
10361,20200413,3,1.9,3.5,8.5,11.7,50.3,2.0,12.2,6.0,5.7,0.0,1005.8
10361,20200412,3,-1.6,2.6,13.8,24.3,49.1,2.0,8.7,12.6,0.9,0.2,1005.0
10361,20200411,3,-2.9,1.4,9.4,16.7,53.0,1.0,4.9,12.7,3.9,0.0,1015.7
10361,20200410,3,-1.0,3.1,10.5,16.6,54.7,2.0,6.7,9.0,6.0,0.0,1016.1
10361,20200409,3,2.7,6.7,13.5,19.7,54.8,2.0,9.1,10.3,2.2,0.0,1013.9
10361,20200408,3,0.6,3.7,13.8,22.9,49.9,2.0,6.0,12.3,0.0,0.0,1016.3
10361,20200407,3,1.9,7.9,14.0,19.8,56.0,2.0,7.2,9.9,0.9,0.0,1020.0
10361,20200406,3,-2.5,2.3,12.9,21.6,47.9,2.0,9.9,12.4,0.0,0.0,1012.6
10361,20200405,3,-3.1,1.6,10.1,17.7,51.0,2.0,10.1,12.1,0.0,0.0,1017.0
10361,20200404,3,-2.2,2.7,7.7,12.9,56.0,1.0,5.1,9.1,3.2,0.0,1015.2
10361,20200403,3,3.7,5.1,7.4,11.0,57.9,2.0,11.2,2.1,7.1,0.0,1003.6
10361,20200402,3,1.0,2.8,6.6,10.7,58.8,3.0,11.2,6.0,5.4,0.3,1001.4
10361,20200401,3,-4.3,-1.7,4.2,10.9,54.9,2.0,9.1,12.0,0.6,0.0,1010.3
10361,20200331,3,-5.8,-2.2,1.7,6.5,64.5,2.0,7.7,4.9,5.2,0.0,1019.3
10361,20200330,3,-8.7,-5.5,0.1,3.9,74.7,2.0,10.8,2.0,5.0,0.0,1017.4
10361,20200329,3,-7.8,-3.8,3.2,5.6,71.2,3.0,13.9,0.3,6.1,0.7,1014.2
10361,20200328,3,-3.0,0.6,7.4,15.2,58.8,2.0,7.7,11.4,0.4,0.0,1010.1
10361,20200327,3,-2.2,1.0,9.3,16.9,48.1,2.0,8.7,11.0,1.5,0.0,1012.1
10361,20200326,3,-4.3,-1.4,5.5,11.8,42.2,2.0,10.0,11.5,1.0,0.0,1016.0
10361,20200325,3,-7.6,-3.9,3.8,10.2,39.0,2.0,8.9,11.6,0.0,0.0,1020.6
10361,20200324,3,-7.4,-3.8,2.4,8.5,43.0,2.0,9.0,11.6,0.0,0.0,1025.6
10361,20200323,3,-7.7,-4.3,1.7,7.0,43.3,2.0,8.2,11.5,0.0,0.0,1028.0
10361,20200322,3,-5.5,-1.7,2.4,7.5,49.9,2.0,9.2,11.2,0.3,0.0,1025.6
10361,20200321,3,-1.2,0.9,4.4,8.1,60.5,3.0,11.5,6.9,3.1,0.0,1020.2
10361,20200320,3,4.4,5.5,7.4,8.8,77.9,2.0,7.0,0.0,7.8,2.1,1015.9
10361,20200319,3,3.2,7.6,11.2,16.8,70.9,2.0,8.4,3.2,7.3,0.2,1014.8
10361,20200318,3,-0.3,3.2,10.8,17.8,58.5,2.0,8.3,9.4,6.4,0.0,1015.7
10361,20200317,3,0.8,4.1,10.1,15.5,68.1,2.0,7.9,7.6,4.9,0.3,1017.1
10361,20200316,3,-2.0,1.3,9.0,17.7,63.9,2.0,7.7,10.3,3.3,0.0,1009.0
10361,20200315,3,-1.4,0.6,6.6,13.9,62.3,3.0,11.5,9.8,5.0,0.0,1008.4
10361,20200314,3,-4.2,-1.5,3.7,8.8,70.1,2.0,6.9,10.6,2.4,0.0,1013.3
10361,20200313,3,-2.3,1.3,6.1,9.8,74.0,3.0,19.4,5.6,4.1,3.6,1002.5
10361,20200312,3,1.2,4.3,10.0,13.5,64.6,4.0,19.8,6.1,4.4,0.8,996.5
10361,20200311,3,7.2,8.4,10.5,13.3,76.5,3.0,13.9,2.0,7.5,0.4,998.4
10361,20200310,3,0.1,3.2,7.7,12.9,82.4,3.0,15.3,0.0,7.0,7.3,995.1
10361,20200309,3,0.2,3.6,8.0,12.1,77.2,2.0,10.3,2.8,5.3,0.1,1001.0
10361,20200308,3,-1.8,1.4,6.9,12.1,74.0,3.0,10.8,1.7,6.5,0.7,1004.3
10361,20200307,3,-0.5,2.0,5.0,8.6,79.9,2.0,11.3,1.8,6.0,0.0,1003.1
10361,20200306,3,2.3,2.8,5.6,9.3,92.7,2.0,8.5,0.0,7.8,7.0,982.6
10361,20200305,3,-3.3,-0.1,5.4,10.7,73.2,2.0,10.2,4.2,6.5,3.8,991.0
10361,20200304,3,-2.4,0.5,4.2,8.3,79.2,2.0,8.2,2.9,5.5,0.1,999.5
10361,20200303,3,-2.2,1.2,5.3,8.8,78.5,2.0,11.0,1.1,5.6,0.3,989.7
10361,20200302,3,2.4,4.7,7.1,10.7,74.0,2.0,7.8,7.7,6.3,0.0,982.9
10361,20200301,3,1.1,3.7,6.9,10.4,69.7,3.0,12.7,2.3,5.5,2.1,985.5
10361,20200229,3,0.0,0.9,7.0,11.7,81.1,3.0,15.2,2.0,7.2,1.2,986.9
10361,20200228,3,-1.8,0.5,4.2,8.1,75.0,3.0,12.9,5.1,6.3,6.7,1001.4
10361,20200227,3,-2.5,0.8,3.9,6.2,78.2,2.0,7.8,1.5,6.9,1.0,991.0
10361,20200226,3,-0.8,1.7,3.3,6.5,87.1,2.0,10.4,1.4,7.2,2.7,985.3
10361,20200225,3,0.4,3.5,8.2,10.8,72.0,3.0,13.7,3.7,5.7,2.7,986.9
10361,20200224,3,1.7,3.9,5.6,10.5,77.8,3.0,11.9,0.5,6.0,1.9,1003.2
10361,20200223,3,2.7,4.2,7.9,12.7,82.5,4.0,19.2,0.0,6.2,8.3,999.9
10361,20200222,3,2.6,5.2,8.8,13.8,65.0,3.0,17.3,1.3,7.7,3.7,1006.3
10361,20200221,3,2.3,3.9,6.5,8.4,69.6,3.0,15.3,3.7,7.0,0.0,1010.0
10361,20200220,3,-2.4,0.5,5.4,9.0,80.2,3.0,12.4,0.0,6.7,1.4,1005.3
10361,20200219,3,-0.7,1.9,5.5,7.4,76.0,3.0,13.5,1.9,6.6,1.8,1004.4
10361,20200218,3,2.6,4.5,6.6,9.5,72.0,3.0,16.4,4.1,5.9,1.5,1007.6
10361,20200217,3,3.2,5.7,9.0,11.0,65.3,3.0,17.9,1.3,6.7,1.5,1001.7
10361,20200216,3,6.9,8.8,12.9,17.6,59.0,4.0,20.4,0.1,8.0,0.5,996.3
10361,20200215,3,-2.3,1.3,6.1,11.2,79.2,3.0,9.9,6.1,7.7,0.0,1009.5
10361,20200214,3,-1.2,1.6,5.8,9.3,86.3,2.0,9.8,1.1,7.7,0.1,1005.8
10361,20200213,3,-2.3,0.9,3.1,5.0,82.1,3.0,10.4,0.7,5.4,2.6,998.4
10361,20200212,3,0.8,2.9,4.5,7.5,64.2,4.0,17.9,5.9,3.1,0.0,998.3
10361,20200211,3,-0.1,1.5,4.3,7.2,71.9,4.0,18.2,0.5,5.7,1.1,987.6
10361,20200210,3,2.0,3.9,7.3,13.9,76.0,4.0,21.1,2.2,5.4,11.3,981.0
10361,20200209,3,3.5,5.9,10.0,14.0,65.5,4.0,19.6,3.8,7.3,11.0,997.7
10361,20200208,3,-1.9,0.4,4.9,8.9,76.6,2.0,7.0,6.0,3.7,0.0,1012.0
10361,20200207,3,0.7,2.9,5.1,6.2,84.0,2.0,7.5,0.0,7.7,0.0,1018.8
10361,20200206,3,-0.3,1.9,4.3,6.1,81.1,2.0,7.7,0.1,7.3,0.0,1019.4
10361,20200205,3,-1.8,0.9,3.1,5.3,73.5,2.0,14.2,5.6,5.7,0.0,1020.0
10361,20200204,3,1.7,3.6,5.0,7.0,81.9,3.0,14.1,3.4,5.7,0.4,998.1
10361,20200203,3,4.0,6.1,8.3,10.3,84.2,3.0,12.5,1.1,7.5,4.0,997.5
10361,20200202,3,5.2,5.9,7.5,8.9,82.9,3.0,12.8,0.0,7.0,7.7,995.9
10361,20200201,3,5.4,7.7,10.8,12.1,80.0,3.0,11.4,0.0,6.5,5.2,992.8
10361,20200131,3,6.8,8.9,11.2,13.6,74.9,3.0,14.0,0.9,7.8,0.0,994.1
10361,20200130,3,0.0,2.2,6.4,9.0,75.4,3.0,12.9,0.0,7.9,0.1,996.4
10361,20200129,3,0.4,2.8,4.3,6.6,76.8,3.0,12.8,0.5,6.2,1.3,992.7
10361,20200128,3,2.0,3.5,5.7,7.7,77.8,3.0,15.9,1.1,6.9,1.0,983.9
10361,20200127,3,-1.5,0.6,5.5,8.9,86.4,2.0,8.6,0.2,7.7,4.5,998.7
10361,20200126,3,-2.4,-0.8,0.4,2.2,97.1,2.0,4.7,0.0,8.0,0.0,1007.9
10361,20200125,3,-0.9,-0.7,0.5,2.7,90.1,2.0,5.5,0.0,8.0,0.0,1011.5
10361,20200124,3,-6.1,-4.0,-0.8,3.0,90.0,1.0,6.3,3.3,4.5,0.0,1012.8
10361,20200123,3,-4.7,-2.0,3.3,5.8,85.0,1.0,4.1,0.0,5.7,0.0,1021.8
10361,20200122,3,-0.9,1.3,3.6,5.3,88.8,2.0,8.5,0.0,7.8,0.0,1023.4
10361,20200121,3,-5.0,-1.6,1.6,6.5,80.8,2.0,5.6,7.5,1.5,0.0,1029.8
10361,20200120,3,-4.2,-1.2,1.6,5.9,90.9,2.0,4.6,0.9,3.7,0.0,1035.1
10361,20200119,3,-2.9,0.2,3.9,6.3,87.3,2.0,6.3,2.3,7.0,0.2,1024.1
10361,20200118,3,-0.5,2.6,5.1,7.8,77.0,2.0,10.6,0.8,6.6,0.3,1012.2
10361,20200117,3,-2.3,1.4,5.1,8.6,86.5,2.0,7.5,7.2,2.8,0.3,1008.4
10361,20200116,3,-1.8,2.8,7.1,11.2,82.0,2.0,8.5,7.2,1.8,0.0,1016.1
10361,20200115,3,7.1,9.6,11.4,14.1,62.8,3.0,11.3,4.1,7.3,0.0,1003.9
10361,20200114,3,1.0,2.7,8.2,11.0,73.2,3.0,11.2,0.0,7.6,0.0,1000.0
10361,20200113,3,-1.9,1.1,5.6,8.6,85.9,2.0,7.4,4.1,5.5,0.1,1008.8
10361,20200112,3,-3.6,-0.5,3.6,6.4,79.1,3.0,13.0,3.2,6.6,0.5,1011.1
10361,20200111,3,-2.0,1.2,4.5,7.1,79.6,2.0,8.6,5.1,7.6,0.0,1019.0
10361,20200110,3,3.7,4.9,9.1,11.0,81.1,3.0,16.0,1.1,7.3,0.2,1005.4
10361,20200109,3,6.5,7.3,9.0,10.7,93.4,2.0,9.1,0.0,7.5,5.1,1005.6
10361,20200108,3,3.5,4.9,7.6,9.9,82.8,2.0,8.7,0.0,,3.9,1012.4
10361,20200107,3,-4.1,-1.9,3.5,7.2,86.3,2.0,7.6,0.1,,0.4,1014.2
10361,20200106,3,-3.6,-1.0,4.2,5.5,80.7,2.0,6.7,0.0,,0.2,1016.4
10361,20200105,3,-3.7,0.4,3.0,5.5,82.7,2.0,5.7,2.4,,0.0,1022.6
10361,20200104,3,-1.5,1.1,4.3,6.6,82.9,3.0,14.4,0.0,,3.1,1012.6
10361,20200103,3,-3.3,0.8,5.1,7.9,86.0,3.0,13.1,0.0,,0.9,1007.5
10361,20200102,3,-7.4,-5.3,-0.9,6.2,83.8,1.0,4.8,6.7,,0.0,1015.8
10361,20200101,3,-5.9,-3.6,0.4,4.7,89.3,1.0,4.3,6.6,,0.0,1022.6
10361,20191231,3,-3.2,0.6,4.6,7.8,79.0,2.0,10.3,3.6,,0.0,1019.4
10361,20191230,3,-2.4,-0.2,4.8,10.7,54.5,2.0,6.5,1.8,,0.0,1018.3
10361,20191229,3,-5.7,-3.7,-1.0,3.5,84.5,1.0,5.2,4.8,,0.0,1027.7
10361,20191228,3,-4.8,-2.7,-0.7,1.3,86.5,1.0,3.0,0.0,,0.0,1031.2
10361,20191227,3,-2.9,-0.9,2.6,4.1,88.9,1.0,5.7,0.0,,0.2,1019.6
10361,20191226,3,0.4,3.6,4.9,6.6,85.7,2.0,6.4,1.6,,0.1,1013.4
10361,20191225,3,1.9,3.8,5.6,7.1,92.9,2.0,6.3,0.0,,0.4,1004.9
10361,20191224,3,0.6,3.5,5.8,7.8,86.7,2.0,7.7,2.0,,5.0,999.1
10361,20191223,3,2.1,4.7,7.0,9.3,81.5,3.0,11.9,1.8,,0.0,992.4
10361,20191222,3,-2.2,0.7,3.6,6.4,93.0,2.0,6.1,0.0,,0.6,978.2
10361,20191221,3,-2.4,1.0,6.1,9.9,85.0,2.0,7.3,6.4,,0.0,982.7
10361,20191220,3,-1.5,1.8,6.1,9.6,85.9,2.0,9.2,4.7,,1.1,985.3
10361,20191219,3,1.2,2.1,4.4,7.3,95.4,2.0,6.2,4.1,,0.0,1004.2
10361,20191218,3,-1.8,1.9,8.1,15.1,80.3,2.0,12.0,0.5,,0.0,1005.5
10361,20191217,3,2.6,5.3,10.0,14.2,72.4,2.0,11.2,0.8,,0.0,995.1
10361,20191216,3,-0.5,2.9,6.2,9.5,88.1,2.0,6.5,0.0,,0.6,998.0
10361,20191215,3,-1.6,2.0,6.0,9.7,73.0,3.0,12.4,4.0,4.4,0.9,990.7
10361,20191214,3,-0.8,2.2,4.3,6.3,83.7,3.0,17.1,0.4,5.9,4.9,979.2
10361,20191213,3,-1.7,-0.3,1.3,2.7,87.0,2.0,9.4,3.1,3.6,1.4,973.9
10361,20191212,3,-0.7,0.5,2.3,5.5,90.6,2.0,6.9,0.3,6.0,0.0,991.0
10361,20191211,3,-0.1,0.5,2.6,4.9,82.4,3.0,9.1,0.0,7.0,15.2,999.8
10361,20191210,3,-1.9,1.3,3.6,6.5,79.2,3.0,10.1,5.5,1.8,0.0,1010.4
10361,20191209,3,0.5,4.2,6.7,9.7,76.8,3.0,12.4,2.2,4.4,1.1,990.4
10361,20191208,3,1.7,5.0,8.8,11.4,73.3,3.0,12.7,0.0,7.0,0.8,992.3
10361,20191207,3,4.7,6.4,8.2,9.6,82.1,3.0,11.4,0.1,7.6,0.7,997.9
10361,20191206,3,-3.9,-0.7,3.1,7.0,79.0,3.0,10.9,0.0,6.4,2.8,999.5
10361,20191205,3,-4.7,-2.4,0.7,5.8,84.8,1.0,5.6,6.8,0.3,0.0,1008.7
10361,20191204,3,-4.0,-1.3,3.3,8.4,85.6,1.0,4.0,6.8,1.6,0.0,1013.0
10361,20191203,3,-0.7,2.2,4.8,7.0,88.3,2.0,7.1,0.0,7.6,0.0,1015.9
10361,20191202,3,-0.9,0.8,3.4,6.0,88.4,2.0,9.1,0.5,6.3,0.1,1011.3
10361,20191201,3,-5.1,-2.7,0.4,2.8,93.4,1.0,2.9,1.0,4.8,0.0,1011.8
10361,20191130,3,-3.7,-0.3,2.7,7.0,86.4,2.0,7.9,6.5,1.7,0.0,1011.0
10361,20191129,3,-2.2,0.9,5.0,8.9,77.3,3.0,12.5,3.3,3.2,0.0,994.8
10361,20191128,3,6.5,8.9,10.4,13.1,75.4,3.0,11.5,0.8,7.2,0.8,981.0
10361,20191127,3,2.0,4.8,6.6,9.8,92.0,2.0,9.2,0.0,6.4,2.9,985.9
10361,20191126,3,1.7,2.9,5.8,9.6,92.4,2.0,5.0,3.6,6.5,0.0,996.4
10361,20191125,3,2.5,2.8,3.7,4.4,98.3,2.0,5.9,0.0,8.0,0.2,1001.1
10361,20191124,3,2.3,3.4,4.9,6.3,91.5,2.0,6.5,0.0,8.0,0.0,999.3
10361,20191123,3,0.6,3.2,5.9,9.5,91.2,2.0,9.0,4.9,4.2,0.0,996.3
10361,20191122,3,1.4,3.4,5.3,7.3,95.2,2.0,7.4,0.3,8.0,0.0,999.3
10361,20191121,3,4.4,4.9,6.2,7.5,97.9,1.0,4.3,0.0,8.0,0.8,1001.1
10361,20191120,3,1.6,3.2,4.5,6.1,87.7,1.0,3.7,0.0,7.3,0.4,1008.0
10361,20191119,3,-0.4,3.1,5.5,8.6,77.7,2.0,11.5,6.3,4.8,0.5,1004.7
10361,20191118,3,1.1,3.9,6.0,7.3,91.9,2.0,10.0,0.0,7.3,1.7,995.7
10361,20191117,3,-3.3,-0.8,2.9,6.0,95.8,2.0,6.5,0.0,7.1,0.7,1000.8
10361,20191116,3,-2.2,0.4,4.8,7.9,87.9,2.0,9.3,0.6,5.7,0.2,997.5
10361,20191115,3,-0.1,2.1,5.6,9.4,87.0,2.0,10.2,0.0,7.4,5.6,994.3
10361,20191114,3,-2.1,1.8,4.7,8.7,81.2,2.0,7.9,6.5,3.2,0.0,996.9
10361,20191113,3,-2.3,1.1,4.4,7.4,81.1,2.0,6.7,0.8,7.5,0.0,992.3
10361,20191112,3,-0.6,2.3,4.7,9.0,77.8,2.0,8.3,3.0,4.5,0.0,994.4
10361,20191111,3,-3.8,-1.2,2.3,5.5,86.8,2.0,8.3,4.9,3.9,0.0,999.9
10361,20191110,3,-3.5,-0.9,3.6,9.3,86.2,1.0,9.6,7.3,1.3,0.6,1003.1
10361,20191109,3,-1.6,1.7,6.4,8.6,86.0,2.0,6.2,0.6,6.3,0.2,997.5
10361,20191108,3,-0.3,3.2,6.6,8.9,90.0,2.0,5.5,0.0,6.5,3.2,996.7
10361,20191107,3,3.9,5.8,8.7,12.8,85.2,2.0,6.7,1.5,7.1,0.0,992.4
10361,20191106,3,4.4,6.6,8.0,9.2,88.6,2.0,6.0,0.0,7.7,3.2,990.4
10361,20191105,3,3.5,7.1,9.4,12.0,84.6,2.0,7.6,1.0,6.9,0.2,985.7
10361,20191104,3,6.3,9.3,11.5,14.0,84.5,2.0,7.3,1.6,7.3,1.5,980.1
10361,20191103,3,8.2,10.1,12.0,15.7,86.8,2.0,5.8,0.7,7.3,3.7,979.3
10361,20191102,3,6.0,6.8,12.0,17.6,85.0,2.0,10.0,2.4,7.5,3.3,983.3
10361,20191101,3,-5.4,-2.5,2.8,6.8,86.8,2.0,9.6,4.1,4.6,1.8,1001.4
10361,20191031,3,-7.5,-4.3,0.9,7.3,84.3,1.0,4.7,8.6,3.2,0.0,1016.2
10361,20191030,3,-5.0,-1.5,2.7,9.1,82.6,1.0,4.3,7.4,1.6,0.0,1019.6
10361,20191029,3,-2.4,0.7,5.7,10.9,83.5,1.0,6.1,6.2,4.4,0.0,1014.9
10361,20191028,3,1.9,5.3,8.3,13.4,78.9,2.0,8.0,6.7,2.5,0.0,1010.8
10361,20191027,3,2.5,6.4,11.5,17.0,71.9,2.0,11.5,0.0,6.3,0.7,1006.4
10361,20191026,3,7.8,10.7,15.3,20.2,69.5,3.0,9.9,7.6,5.9,0.0,1005.2
10361,20191025,3,7.3,11.4,14.4,17.7,74.0,2.0,9.3,7.1,5.8,0.0,1008.1
10361,20191024,3,7.0,9.8,11.6,13.4,96.7,2.0,7.3,0.1,7.3,0.0,1000.4
10361,20191023,3,5.5,7.4,12.6,18.3,86.0,1.0,5.3,7.1,5.8,0.0,1008.5
10361,20191022,3,5.6,8.2,13.3,17.5,80.8,1.0,4.8,4.5,6.8,0.0,1013.5
10361,20191021,3,7.3,9.7,14.9,20.5,84.0,1.0,4.5,1.6,6.2,0.0,1007.0
10361,20191020,3,8.2,11.6,14.3,17.2,86.3,2.0,4.7,1.0,7.9,0.5,1000.0
10361,20191019,3,6.8,9.3,12.8,16.2,80.3,2.0,7.8,0.1,7.7,0.0,999.1
10361,20191018,3,5.5,8.9,13.7,18.2,82.4,2.0,10.8,2.1,6.0,1.4,999.6
10361,20191017,3,11.0,12.8,14.9,18.6,78.5,2.0,8.7,1.0,7.6,8.2,1001.8
10361,20191016,3,9.7,11.8,13.7,15.8,84.5,3.0,12.1,1.9,7.0,6.6,999.2
10361,20191015,3,7.8,11.1,16.3,24.8,83.3,1.0,3.9,6.2,5.8,3.5,996.6
10361,20191014,3,9.1,12.3,18.4,22.7,75.5,2.0,6.1,9.2,4.7,0.0,1003.2
10361,20191013,3,9.2,13.2,19.1,24.3,72.2,2.0,8.0,5.2,5.2,0.0,1001.4
10361,20191012,3,11.2,13.7,16.8,21.1,68.8,3.0,13.7,8.5,5.0,0.0,1000.3
10361,20191011,3,7.7,9.9,13.8,16.4,72.7,3.0,10.8,0.1,7.5,0.0,1002.5
10361,20191010,3,6.3,8.4,11.4,15.0,75.9,3.0,12.4,5.0,5.0,0.2,1000.6
10361,20191009,3,4.9,8.8,12.1,15.8,78.1,2.0,10.5,4.6,4.6,2.1,996.6
10361,20191008,3,5.8,6.7,11.8,15.1,83.8,2.0,8.8,0.0,7.5,0.9,997.5
10361,20191007,3,-3.1,-0.7,6.0,12.2,74.5,1.0,4.9,9.0,3.0,0.3,1009.1
10361,20191006,3,-0.2,2.3,6.2,10.2,85.0,2.0,7.3,0.0,7.4,0.0,1009.3
10361,20191005,3,1.5,3.9,8.8,12.4,82.8,2.0,9.5,2.2,6.2,0.0,1003.9
10361,20191004,3,5.5,8.4,9.8,12.4,89.5,2.0,8.1,0.0,7.6,17.6,998.6
10361,20191003,3,5.6,8.1,11.0,14.9,76.0,2.0,11.1,5.5,5.5,0.0,1003.4
10361,20191002,3,6.2,7.8,10.3,14.7,79.9,2.0,13.0,4.5,5.2,0.9,995.7
10361,20191001,3,8.4,11.2,14.9,19.5,81.1,2.0,10.7,1.5,7.5,11.9,991.5
10361,20190930,3,8.8,11.4,14.9,17.2,75.5,4.0,20.6,4.1,5.5,1.5,992.4
10361,20190929,3,12.2,13.9,15.9,18.4,74.0,3.0,10.5,0.4,7.6,3.4,992.8
10361,20190928,3,11.4,13.1,15.9,20.0,73.9,3.0,12.1,5.5,6.0,0.2,1000.6
10361,20190927,3,10.2,12.9,15.6,18.3,86.8,2.0,5.6,2.5,5.3,6.6,999.4
10361,20190926,3,6.5,9.9,16.0,21.7,81.2,2.0,7.5,4.1,6.6,5.4,1000.3
10361,20190925,3,8.4,11.4,14.6,18.4,87.4,2.0,7.4,1.6,6.2,2.1,996.4
10361,20190924,3,11.6,14.1,17.2,21.9,76.5,2.0,6.1,4.2,7.5,1.4,1002.0
10361,20190923,3,3.3,6.7,14.7,21.6,74.1,2.0,8.3,7.3,5.3,1.8,1003.2
10361,20190922,3,3.4,7.4,15.7,25.4,60.3,2.0,6.8,11.0,1.1,0.0,1003.1
10361,20190921,3,2.0,4.7,14.0,22.7,61.8,1.0,4.8,11.3,0.5,0.0,1011.9
10361,20190920,3,2.6,5.9,11.1,17.7,71.1,2.0,6.3,5.2,3.8,0.0,1018.2
10361,20190919,3,3.4,6.6,11.1,16.6,65.2,2.0,9.7,9.8,3.7,0.0,1017.9
10361,20190918,3,4.6,7.3,11.2,16.7,71.2,2.0,12.6,6.5,3.5,1.1,1013.1
10361,20190917,3,6.3,9.2,12.1,16.5,74.4,3.0,13.9,5.2,2.8,0.5,1006.7
10361,20190916,3,6.7,10.4,13.3,15.3,82.8,2.0,5.5,0.0,7.7,0.8,1009.2
10361,20190915,3,5.0,8.7,17.3,24.5,51.8,2.0,11.7,9.5,6.0,1.8,1011.3
10361,20190914,3,3.0,6.7,13.1,20.2,64.6,1.0,4.4,11.2,1.9,0.0,1022.5
10361,20190913,3,5.9,9.6,17.8,22.8,65.8,2.0,12.0,3.9,6.3,0.0,1019.6
10361,20190912,3,11.1,14.3,18.5,23.7,70.6,2.0,7.8,5.2,5.4,0.0,1016.3
10361,20190911,3,4.0,7.1,15.9,22.8,59.8,2.0,9.4,8.9,3.6,0.2,1011.6
10361,20190910,3,6.7,10.6,14.7,19.8,65.7,2.0,10.9,10.2,1.5,0.0,1006.5
10361,20190909,3,10.9,12.3,13.4,14.3,89.0,2.0,5.9,0.0,7.6,11.7,1003.1
10361,20190908,3,6.9,9.5,15.4,20.9,68.6,1.0,4.9,6.3,6.3,0.4,1007.4
10361,20190907,3,7.8,10.6,14.4,20.4,64.9,1.0,7.9,1.7,7.9,0.9,1008.2
10361,20190906,3,3.8,7.8,14.6,21.6,53.8,2.0,7.3,12.2,2.1,0.0,1012.5
10361,20190905,3,8.2,10.5,16.3,21.7,63.6,3.0,14.8,7.7,4.5,0.1,1006.7
10361,20190904,3,9.5,12.3,19.4,26.4,58.0,2.0,10.2,9.8,6.5,0.1,1005.7
10361,20190903,3,5.9,9.8,15.7,20.5,62.9,2.0,10.4,0.8,5.8,0.0,1012.4
10361,20190902,3,6.4,10.2,15.8,21.4,59.8,2.0,8.8,8.7,2.1,0.0,1011.2
10361,20190901,3,11.8,13.7,20.7,24.8,62.8,2.0,10.3,4.6,6.3,0.0,1001.9
10361,20190831,3,13.7,16.2,25.4,34.0,54.9,2.0,9.1,12.3,0.3,0.0,1004.7
10361,20190830,3,16.0,19.0,23.6,29.0,63.5,2.0,5.5,4.0,6.0,0.0,1011.6
10361,20190829,3,13.8,16.7,23.2,29.7,64.0,2.0,8.9,8.0,5.3,0.1,1007.8
10361,20190828,3,14.7,17.3,23.8,33.4,65.8,2.0,9.1,7.5,6.3,0.0,1004.5
10361,20190827,3,15.2,17.1,24.0,32.6,65.9,2.0,8.0,7.8,5.5,0.0,1007.0
10361,20190826,3,14.0,16.3,25.2,33.0,55.5,2.0,7.6,12.6,1.0,0.0,1009.2
10361,20190825,3,13.4,15.7,24.5,33.1,57.0,2.0,8.1,9.6,1.1,0.0,1010.0
10361,20190824,3,9.2,11.9,22.2,30.1,53.5,2.0,10.1,12.7,0.3,0.0,1012.9
10361,20190823,3,8.0,11.8,21.4,29.5,48.4,1.0,4.6,13.1,0.6,0.0,1015.5
10361,20190822,3,6.5,9.4,19.1,27.6,51.9,1.0,7.4,13.1,1.3,0.0,1016.7
10361,20190821,3,8.7,11.7,17.6,23.6,57.2,2.0,7.1,12.3,3.3,0.0,1017.6
10361,20190820,3,11.7,14.4,18.9,23.5,55.8,1.0,5.6,6.1,6.9,0.0,1011.9
10361,20190819,3,10.3,13.7,18.7,24.3,65.5,2.0,12.0,10.2,4.7,0.0,1005.8
10361,20190818,3,14.4,16.0,20.2,27.4,78.6,2.0,19.3,2.1,7.9,7.2,997.6
10361,20190817,3,12.0,14.3,20.3,26.9,61.1,2.0,11.7,1.9,7.8,0.6,1000.2
10361,20190816,3,11.6,14.4,18.3,23.5,63.7,2.0,10.4,8.0,5.6,0.1,1005.4
10361,20190815,3,11.6,13.1,17.0,22.5,69.8,2.0,12.8,0.7,7.8,4.3,1002.1
10361,20190814,3,7.9,11.9,16.9,22.9,53.2,2.0,9.9,11.6,2.0,0.0,1007.2
10361,20190813,3,9.8,12.6,17.3,21.9,58.9,2.0,12.6,5.8,5.5,0.0,1005.8
10361,20190812,3,13.3,15.1,19.7,25.2,59.4,2.0,10.2,8.5,6.3,0.0,1004.5
10361,20190811,3,11.9,15.9,22.6,28.8,46.3,2.0,10.4,9.4,4.2,2.2,1004.4
10361,20190810,3,13.6,17.8,23.2,27.1,59.1,3.0,12.4,5.4,6.6,0.0,1000.8
10361,20190809,3,9.3,12.2,22.0,29.7,60.3,2.0,7.9,7.7,5.1,0.3,1001.1
10361,20190808,3,11.5,15.2,20.8,27.1,54.1,2.0,11.3,12.5,2.7,0.0,1000.6
10361,20190807,3,13.1,16.1,20.5,25.2,66.9,2.0,8.7,1.3,7.0,0.1,997.1
10361,20190806,3,13.5,16.0,21.7,27.2,66.3,2.0,10.8,7.7,7.3,0.8,999.6
10361,20190805,3,11.6,14.6,20.2,27.4,68.5,2.0,7.7,1.1,7.8,2.2,1001.5
10361,20190804,3,12.0,13.8,19.0,24.5,66.0,1.0,7.8,7.4,5.1,0.0,1006.2
10361,20190803,3,11.6,13.3,19.3,25.1,72.3,1.0,7.3,7.6,5.0,0.0,1004.8
10361,20190802,3,14.1,15.2,20.3,25.7,67.0,1.0,10.2,3.8,7.7,8.4,1004.4
10361,20190801,3,12.5,15.0,20.3,26.2,61.0,2.0,8.3,7.6,5.8,0.0,1006.6
10361,20190731,3,14.9,17.0,20.4,24.3,76.6,1.0,8.0,2.6,7.0,1.5,1004.8
10361,20190730,3,15.4,18.5,23.9,29.1,63.8,2.0,7.6,6.5,5.0,10.4,1001.5
10361,20190729,3,18.4,20.0,22.6,26.5,73.9,2.0,8.4,4.0,6.5,0.0,998.8
10361,20190728,3,17.7,19.3,25.2,31.5,52.4,2.0,8.0,10.9,5.3,1.4,992.2
10361,20190727,3,17.3,19.3,24.6,29.5,48.0,2.0,9.9,13.2,1.2,0.0,995.9
10361,20190726,3,15.2,17.6,25.9,31.8,46.9,2.0,10.3,14.5,0.6,0.0,1003.1
10361,20190725,3,14.9,17.4,28.1,36.2,42.4,2.0,7.0,13.6,2.6,0.0,1007.0
10361,20190724,3,14.0,16.3,26.9,35.2,48.2,2.0,7.0,14.7,1.0,0.0,1007.6
10361,20190723,3,13.6,16.7,25.2,32.6,54.8,1.0,6.5,14.7,0.1,0.0,1011.1
10361,20190722,3,10.7,13.5,21.4,26.6,61.1,2.0,9.1,4.9,6.4,0.0,1012.5
10361,20190721,3,12.8,15.5,21.1,26.9,66.8,2.0,9.7,11.1,4.8,0.0,1008.5
10361,20190720,3,11.4,14.2,22.6,31.4,63.7,2.0,11.5,9.9,6.9,3.6,1003.3
10361,20190719,3,12.6,15.8,20.5,25.2,65.0,2.0,7.6,2.3,7.5,0.0,1003.4
10361,20190718,3,9.3,11.8,20.1,26.6,58.0,2.0,6.9,5.3,5.8,0.2,1002.0
10361,20190717,3,10.5,12.7,17.9,24.1,63.5,1.0,5.6,11.2,3.8,0.0,1004.6
10361,20190716,3,9.8,12.7,15.5,18.6,76.9,2.0,10.1,1.2,7.4,0.0,1006.0
10361,20190715,3,12.8,13.1,15.3,17.8,72.2,2.0,8.0,0.0,8.0,0.1,1007.3
10361,20190714,3,12.6,13.2,15.8,18.1,78.7,1.0,7.1,0.0,7.9,0.0,1007.5
10361,20190713,3,13.2,14.3,17.3,23.6,83.5,2.0,12.6,1.4,7.9,11.3,1003.6
10361,20190712,3,13.3,14.4,18.2,24.4,77.8,1.0,7.4,3.4,7.7,7.7,1000.5
10361,20190711,3,13.3,14.2,18.5,22.2,61.1,1.0,6.0,1.8,7.9,0.6,1003.4
10361,20190710,3,5.3,7.9,15.8,22.7,62.6,2.0,7.2,9.2,5.1,0.0,1008.1
10361,20190709,3,6.7,9.5,14.1,17.4,67.5,2.0,10.0,0.5,7.1,0.0,1008.1
10361,20190708,3,6.2,9.4,14.1,18.6,64.0,2.0,11.0,2.0,7.2,0.0,1006.1
10361,20190707,3,8.1,10.9,15.2,20.2,62.5,2.0,10.3,6.5,6.7,0.0,1002.0
10361,20190706,3,10.3,13.6,18.6,25.6,66.6,2.0,11.0,3.8,7.4,4.9,999.7
10361,20190705,3,10.9,14.1,19.3,24.9,55.8,2.0,10.1,4.0,7.1,0.0,1005.1
10361,20190704,3,4.5,7.9,16.6,23.1,53.8,2.0,8.2,12.5,5.2,0.0,1012.2
10361,20190703,3,4.7,8.4,15.2,20.5,56.5,2.0,7.6,8.5,2.9,0.0,1013.1
10361,20190702,3,8.5,11.2,17.6,22.3,52.5,2.0,11.4,11.9,2.0,0.0,1010.1
10361,20190701,3,10.2,14.5,21.9,27.3,51.8,2.0,11.2,8.5,4.7,0.6,1005.2
10361,20190630,3,12.0,16.1,27.9,37.5,41.0,2.0,11.2,14.7,1.8,0.0,1003.1
10361,20190629,3,8.3,11.6,22.9,31.9,45.3,1.0,4.8,15.5,0.3,0.0,1010.4
10361,20190628,3,10.2,13.9,18.0,24.4,57.3,2.0,5.8,10.0,4.9,0.0,1014.7
10361,20190627,3,11.4,13.6,18.8,25.0,59.3,2.0,10.6,13.9,1.6,0.0,1015.0
10361,20190626,3,16.6,18.4,27.8,34.4,54.2,2.0,10.8,14.9,0.9,0.0,1010.7
10361,20190625,3,12.3,15.4,26.0,34.1,47.7,2.0,8.8,14.7,4.9,0.0,1010.7
10361,20190624,3,12.4,15.7,23.8,30.4,44.9,2.0,8.1,15.1,5.1,0.0,1012.9
10361,20190623,3,12.7,15.1,22.6,28.7,45.5,2.0,9.8,15.3,0.8,0.0,1011.7
10361,20190622,3,11.1,12.7,20.3,26.4,57.0,2.0,8.8,10.2,4.2,0.0,1011.4
10361,20190621,3,11.6,13.9,19.1,23.8,69.6,2.0,6.5,10.0,4.1,0.0,1007.7
10361,20190620,3,14.0,15.4,20.5,25.9,73.6,2.0,12.0,5.8,6.8,16.5,1001.0
10361,20190619,3,14.1,17.5,24.5,32.5,54.5,2.0,15.5,11.6,6.0,5.8,999.2
10361,20190618,3,12.2,15.9,23.8,30.2,51.5,2.0,8.4,14.2,4.5,0.0,1005.8
10361,20190617,3,11.0,13.1,21.1,27.6,62.9,1.0,5.3,14.0,2.2,0.0,1011.0
10361,20190616,3,10.9,13.1,17.6,20.8,75.8,1.0,4.4,2.4,7.4,1.3,1010.1
10361,20190615,3,12.8,15.6,23.3,29.5,64.0,2.0,12.0,9.9,5.3,0.0,1001.3
10361,20190614,3,9.8,11.8,22.5,29.4,56.5,2.0,9.9,10.0,3.8,0.0,1006.4
10361,20190613,3,11.9,14.3,19.8,26.0,64.3,2.0,14.6,11.4,4.7,3.8,1004.3
10361,20190612,3,12.3,14.8,19.1,25.9,82.8,2.0,14.1,3.0,7.1,0.2,999.2
10361,20190611,3,13.3,15.9,21.2,25.6,69.1,2.0,13.2,8.8,5.6,28.1,1000.0
10361,20190610,3,15.8,17.2,22.2,28.6,56.3,2.0,5.7,4.5,7.7,0.1,1002.8
10361,20190609,3,7.0,10.8,19.0,25.1,47.5,2.0,6.9,12.7,6.4,0.3,1012.7
10361,20190608,3,8.2,12.4,17.0,21.0,58.0,3.0,14.6,9.6,4.1,0.0,1009.3
10361,20190607,3,10.8,12.8,19.5,25.9,61.5,2.0,12.5,10.8,4.2,9.3,1003.6
10361,20190606,3,12.9,14.1,19.3,25.6,68.3,2.0,11.2,6.4,4.9,3.8,999.8
10361,20190605,3,14.7,18.3,26.3,34.6,48.1,2.0,7.8,11.3,3.7,0.0,997.4
10361,20190604,3,12.3,14.7,22.7,30.2,60.3,2.0,6.2,14.2,3.8,0.0,1001.8
10361,20190603,3,12.0,15.9,23.4,33.4,58.2,2.0,11.4,11.2,3.7,1.0,1003.1
10361,20190602,3,9.9,13.1,23.6,31.4,53.9,2.0,9.1,15.1,4.2,0.0,1006.5
10361,20190601,3,10.0,14.1,20.6,27.1,63.6,2.0,9.1,12.0,6.3,0.0,1011.2
10361,20190531,3,10.4,13.5,18.4,24.2,74.6,2.0,7.0,7.1,7.0,0.5,1013.1
10361,20190530,3,1.5,5.3,15.6,22.5,60.7,2.0,9.8,8.0,6.3,0.0,1013.3
10361,20190529,3,3.1,7.4,12.8,17.7,54.0,2.0,7.7,10.3,4.2,0.0,1011.0
10361,20190528,3,8.5,10.7,15.0,19.0,62.1,2.0,8.4,3.5,7.9,0.0,997.9
10361,20190527,3,10.1,12.8,17.5,20.4,68.8,2.0,8.2,0.6,7.9,0.7,997.6
10361,20190526,3,5.2,8.2,16.9,22.5,58.3,3.0,10.8,9.0,7.8,0.0,1002.4
10361,20190525,3,5.2,8.8,12.9,17.0,70.3,2.0,8.5,2.9,6.6,0.0,1005.8
10361,20190524,3,5.4,8.0,17.2,23.6,58.6,2.0,7.8,13.0,7.9,0.0,1003.9
10361,20190523,3,3.6,6.9,14.2,20.7,61.3,1.0,7.7,13.0,6.8,0.0,1008.3
10361,20190522,3,4.0,7.2,12.4,16.3,80.8,2.0,12.0,2.8,6.2,0.0,1005.1
10361,20190521,3,11.1,13.2,16.5,22.6,85.0,2.0,9.0,2.9,7.0,0.9,996.2
10361,20190520,3,10.3,12.6,17.8,25.2,78.1,2.0,11.6,7.0,7.8,8.3,992.5
10361,20190519,3,7.0,9.4,18.8,26.2,59.2,2.0,8.6,12.5,4.2,0.0,994.9
10361,20190518,3,4.1,7.1,15.2,21.5,69.1,2.0,8.9,14.1,1.3,0.0,997.3
10361,20190517,3,6.3,7.4,12.5,18.6,77.9,2.0,6.7,2.4,6.5,0.0,1000.7
10361,20190516,3,5.9,6.4,8.7,10.0,86.7,2.0,7.5,0.0,7.8,7.6,1006.5
10361,20190515,3,-2.8,0.4,9.5,15.0,47.6,2.0,10.0,2.8,5.5,1.3,1015.9
10361,20190514,3,0.0,3.6,9.9,14.9,50.9,2.0,10.2,10.9,3.1,0.0,1022.1
10361,20190513,3,0.9,3.2,10.5,17.2,51.2,2.0,9.7,13.0,2.6,0.0,1025.4
10361,20190512,3,3.4,4.9,10.5,16.4,56.1,2.0,10.2,13.8,3.6,0.0,1018.9
10361,20190511,3,4.7,7.3,9.1,10.4,86.5,2.0,10.1,0.0,7.6,8.6,1004.2
10361,20190510,3,4.9,8.0,13.1,16.7,69.8,2.0,12.8,3.0,7.5,0.0,997.9
10361,20190509,3,9.1,10.5,13.7,19.0,68.5,2.0,7.7,4.3,6.5,0.0,989.6
10361,20190508,3,-1.1,2.6,10.5,17.1,72.8,2.0,13.2,4.9,6.8,3.9,995.8
10361,20190507,3,0.6,5.1,8.9,13.6,62.3,2.0,7.4,9.5,5.0,0.0,1007.3
10361,20190506,3,-2.3,1.3,7.4,13.0,65.0,2.0,10.1,5.3,5.6,0.6,1008.1
10361,20190505,3,-1.3,1.0,7.2,12.7,57.8,2.0,8.2,8.2,4.4,0.1,1006.5
10361,20190504,3,-1.1,1.8,6.2,11.1,67.8,2.0,9.6,3.8,6.2,0.0,997.8
10361,20190503,3,4.1,5.7,8.7,12.1,59.9,2.0,10.8,6.8,7.0,0.1,998.8
10361,20190502,3,4.7,7.3,10.3,15.9,76.3,3.0,12.0,2.3,7.5,1.1,997.6
10361,20190501,3,4.7,8.0,13.4,19.8,68.1,2.0,9.7,9.9,5.4,0.0,1003.7
10361,20190430,3,-1.7,1.7,12.0,19.7,56.7,2.0,9.5,13.3,2.1,0.1,1008.6
10361,20190429,3,1.4,5.2,9.6,13.1,84.9,2.0,9.9,0.3,6.5,1.7,1009.6
10361,20190428,3,6.2,7.7,10.1,15.3,76.5,2.0,6.4,5.3,7.2,1.0,1007.9
10361,20190427,3,7.4,8.2,12.4,19.6,74.2,2.0,12.0,4.4,7.3,9.8,1002.5
10361,20190426,3,7.1,9.8,14.3,20.0,65.8,3.0,11.3,8.1,7.3,5.3,1000.0
10361,20190425,3,4.4,8.5,17.8,25.1,51.5,2.0,7.5,12.0,4.8,0.0,1000.0
10361,20190424,3,10.5,11.6,17.7,24.6,57.4,3.0,9.5,10.5,5.6,1.5,994.7
10361,20190423,3,8.0,10.0,14.8,20.6,50.9,3.0,14.2,8.9,2.0,0.0,996.9
10361,20190422,3,0.6,4.5,13.8,20.7,44.6,2.0,12.5,13.4,0.1,0.0,1005.5
10361,20190421,3,-0.6,3.3,14.3,22.9,44.5,2.0,7.0,13.3,1.7,0.0,1012.5
10361,20190420,3,-0.1,4.2,13.2,22.3,42.6,2.0,6.5,13.2,2.1,0.0,1019.9
10361,20190419,3,0.7,4.5,15.1,23.4,44.5,2.0,7.4,13.1,0.0,0.0,1021.4
10361,20190418,3,-0.7,3.2,13.7,21.9,46.8,2.0,10.0,13.0,0.1,0.0,1019.1
10361,20190417,3,-0.5,4.6,12.2,18.8,42.0,2.0,9.3,12.9,0.1,0.0,1016.0
10361,20190416,3,-2.8,0.7,9.6,16.8,48.3,2.0,8.6,12.9,0.0,0.0,1012.2
10361,20190415,3,-2.3,0.8,8.5,14.8,53.5,2.0,7.2,12.8,1.0,0.0,1016.5
10361,20190414,3,-2.1,0.3,4.0,6.8,82.7,2.0,7.3,0.0,7.3,1.6,1015.1
10361,20190413,3,-0.8,1.5,4.3,7.4,67.7,2.0,10.2,0.5,7.8,0.0,1013.8
10361,20190412,3,1.4,2.2,3.4,5.3,68.1,2.0,7.7,0.0,7.8,0.7,1015.6
10361,20190411,3,1.2,3.3,5.1,7.6,54.5,2.0,8.6,0.3,7.8,0.0,1013.9
10361,20190410,3,-3.5,0.2,6.1,11.2,57.4,2.0,8.0,7.2,5.3,0.0,1007.4
10361,20190409,3,-0.6,3.0,8.1,13.4,58.5,2.0,9.5,10.5,2.2,0.0,1004.4
